Player,Team,Position,Games,Points,Rebounds,Assists
Marcus Reed,Hawks,Guard,72,1728,288,504
Tyler Grant,Hawks,Forward,68,1224,544,204
Jalen Brooks,Hawks,Center,70,980,770,140
Devin Carter,Lions,Guard,75,1950,300,600
Andre Mills,Lions,Forward,66,1122,462,
Chris Nolan,Lions,Center,64,832,704,128
Isaiah Ford,Bears,Guard,70,1470,280,455
Brandon Hayes,Bears,Forward,74,1480,592,296
Kevin Ortiz,Bears,Center,69,1035,828,138
Jordan Price,Wolves,Guard,60,1320,240,420
Elijah Stone,Wolves,Forward,71,1562,639,284
Nathan Cole,Wolves,Center,73,1168,876,146
Ryan Foster,Eagles,Guard,77,1694,308,539
Caleb Ward,Eagles,Forward,65,1105,520,195
Aaron Bell,Eagles,Center,62,806,682,93
